Year,Month,Exports (INR Crores),Exports (USD Millions),Exports Oil (INR Crores),Exports Oil (USD Millions),Exports Non-oil (INR Crores),Exports Non-oil (USD Millions),Imports (INR Crores),Imports (USD Millions),Imports Oil (INR Crores),Imports Oil (USD Millions),Imports Non-oil (INR Crores),Imports Non-oil (USD Millions),Trade Balance (INR Crores),Trade Balance (USD Millions),Trade Balance Oil (INR Crores),Trade Balance Oil (USD Millions),Trade Balance Non-oil (INR Crores),Trade Balance Non-oil (USD Millions)
2025.0,December,346688,38481.9,39439.0,4377.7,307249.0,34104.2,572508,63547.5,129746.0,14401.7,442761.0,49145.8,-225819,-25065.6,-90307.0,-10023.9,-135512.0,-15041.7
2025.0,November,337545,38000.9,33773.0,3802.2,303772.0,34198.7,556838,62688.9,125374.0,14114.6,431464.0,48574.3,-219293,-24688.0,-91600.0,-10312.4,-127692.0,-14375.6
2025.0,October,301550,34105.7,32727.0,3701.4,268824.0,30404.3,672930,76109.1,130782.0,14791.6,542148.0,61317.6,-371379,-42003.4,-98055.0,-11090.1,-273324.0,-30913.3
2025.0,September,319134,36132.7,41643.0,4714.9,277491.0,31417.8,610267,69095.2,123926.0,14031.1,486341.0,55064.1,-291133,-32962.5,-82283.0,-9316.2,-208850.0,-23646.3
2025.0,August,304331,34773.3,36510.0,4171.7,267820.0,30601.6,542389,61974.3,116064.0,13261.7,426324.0,48712.5,-238058,-27200.9,-79554.0,-9090.0,-158504.0,-18110.9
2025.0,July,318775,37017.6,35545.0,4127.7,283230.0,32889.9,558744,64883.8,134067.0,15568.5,424677.0,49315.3,-239969,-27866.2,-98522.0,-11440.8,-141447.0,-16425.4
2025.0,June,300402,34969.8,38272.0,4455.3,262130.0,30514.5,464626,54087.1,118520.0,13796.8,346107.0,40290.2,-164224,-19117.3,-80247.0,-9341.6,-83977.0,-9775.7
2025.0,May,326304,38303.3,46325.0,5437.9,279979.0,32865.4,518426,60855.5,125621.0,14746.0,392806.0,46109.5,-192122,-22552.2,-79295.0,-9308.1,-112826.0,-13244.1
2025.0,April,327556,38283.2,60954.0,7124.0,266602.0,31159.2,559409,65381.2,177124.0,20701.5,382285.0,44679.7,-231854,-27098.0,-116170.0,-13577.4,-115683.0,-13520.5
2025.0,March,364291,42047.6,42411.0,4895.2,321880.0,37152.4,550211,63507.1,164684.0,19008.4,385527.0,44498.7,-185921,-21459.5,-122274.0,-14113.2,-63647.0,-7346.3
2025.0,February,321327,36910.9,49785.0,5718.8,271542.0,31192.1,443663,50963.7,103528.0,11892.3,340135.0,39071.4,-122336,-14052.7,-53743.0,-6173.5,-68593.0,-7879.3
2025.0,January,313477,36338.5,29999.0,3477.6,283477.0,32861.0,512680,59430.3,115941.0,13440.0,396739.0,45990.3,-199203,-23091.8,-85942.0,-9962.4,-113262.0,-13129.4
2024.0,December,321282,37804.0,40021.0,4709.2,281261.0,33094.9,496989,58478.8,115543.0,13595.5,381447.0,44883.4,-175707,-20674.8,-75521.0,-8886.3,-100186.0,-11788.5
2024.0,November,269481,31942.5,29707.0,3521.3,239774.0,28421.2,539329,63928.5,134208.0,15908.2,405121.0,48020.3,-269848,-31986.0,-104501.0,-12386.9,-165347.0,-19599.1
2024.0,October,327573,38983.1,37085.0,4413.4,290488.0,34569.7,546776,65069.5,158683.0,18884.2,388093.0,46185.4,-219203,-26086.4,-121597.0,-14470.8,-97606.0,-11615.6
2024.0,September,285611,34079.2,36053.0,4301.9,249558.0,29777.3,492119,58719.6,124916.0,14905.0,367202.0,43814.6,-206507,-24640.4,-88863.0,-10603.1,-117645.0,-14037.4
2024.0,August,275936,32890.1,35277.0,4204.9,240658.0,28685.2,574772,68509.8,101739.0,12126.8,473032.0,56383.0,-298836,-35619.7,-66462.0,-7922.0,-232374.0,-27697.8
2024.0,July,273184,32679.5,32321.0,3866.4,240863.0,28813.2,497167,59473.5,121162.0,14494.0,376005.0,44979.6,-223984,-26794.0,-88841.0,-10627.6,-135143.0,-16166.4
2024.0,June,295870,35445.8,49170.0,5890.7,246699.0,29555.1,467413,55997.1,125703.0,15059.5,341709.0,40937.5,-171543,-20551.2,-76533.0,-9168.8,-95010.0,-11382.4
2024.0,May,323404,38780.8,59555.0,7141.4,263850.0,31639.3,514327,61675.2,166553.0,19972.1,347774.0,41703.1,-190923,-22894.4,-106999.0,-12830.7,-83924.0,-10063.7
2024.0,April,331976,39802.5,93772.0,11242.8,238205.0,28559.6,454463,54488.0,137565.0,16493.4,316898.0,37994.6,-122487,-14685.6,-43793.0,-5250.6,-78694.0,-9435.0
2024.0,March,346040,41692.7,44950.0,5415.9,301089.0,36276.9,470087,56638.7,135638.0,16342.4,334449.0,40296.3,-124047,-14945.9,-90687.0,-10926.5,-33360.0,-4019.4
2024.0,February,343516,41405.6,68163.0,8216.0,275353.0,33189.7,496322,59824.1,140134.0,16891.0,356188.0,42933.0,-152806,-18418.4,-71972.0,-8675.1,-80834.0,-9743.4
2024.0,January,310239,37323.8,71607.0,8614.8,238632.0,28709.0,446417,53706.9,129050.0,15525.6,317367.0,38181.3,-136178,-16383.1,-57443.0,-6910.8,-78734.0,-9472.3
2023.0,December,319716,38391.0,57369.0,6888.8,262347.0,31502.3,473978,56914.6,124422.0,14940.5,349555.0,41974.1,-154262,-18523.6,-67054.0,-8051.7,-87208.0,-10471.9
2023.0,November,281096,33745.9,61557.0,7390.0,219539.0,26355.9,456104,54755.7,124404.0,14934.8,331701.0,39821.0,-175008,-21009.8,-62846.0,-7544.7,-112162.0,-13465.1
2023.0,October,278285,33433.5,48981.0,5884.7,229304.0,27548.9,524700,63038.1,134366.0,16142.9,390334.0,46895.2,-246415,-29604.6,-85385.0,-10258.2,-161030.0,-19346.3
2023.0,September,285750,34408.0,53631.0,6457.8,232119.0,27950.2,450327,54225.2,116268.0,14000.2,334059.0,40225.0,-164577,-19817.2,-62637.0,-7542.3,-101940.0,-12274.9
2023.0,August,316942,38284.8,78986.0,9541.1,237956.0,28743.7,513566,62035.8,134882.0,16293.0,378684.0,45742.8,-196624,-23751.0,-55896.0,-6751.9,-140728.0,-16999.1
2023.0,July,283341,34489.9,55171.0,6715.7,228170.0,27774.2,436604,53145.9,97042.0,11812.5,339562.0,41333.4,-153263,-18656.0,-41871.0,-5096.8,-111392.0,-13559.2
2023.0,June,282266,34324.9,55566.0,6757.1,226700.0,27567.8,437508,53203.1,103468.0,12582.2,334041.0,40620.9,-155242,-18878.2,-47901.0,-5825.0,-107341.0,-13053.1
2023.0,May,287818,34953.4,48206.0,5854.3,239612.0,29099.1,473086,57452.9,128240.0,15573.9,344846.0,41879.1,-185268,-22499.5,-80034.0,-9719.6,-105234.0,-12779.9
2023.0,April,283943,34618.4,52662.0,6420.6,231281.0,28197.9,402320,49051.0,112318.0,13693.8,290003.0,35357.2,-118377,-14432.6,-59656.0,-7273.2,-58721.0,-7159.3
2023.0,March,345265,41957.8,68687.0,8347.0,276578.0,33610.8,501309,60920.8,148300.0,18021.9,353009.0,42898.9,-156044,-18963.0,-79613.0,-9674.9,-76430.0,-9288.1
2023.0,February,305765,37013.7,64760.0,7839.4,241004.0,29174.3,442629,53581.5,139479.0,16884.4,303150.0,36697.1,-136864,-16567.8,-74719.0,-9044.9,-62145.0,-7522.9
2023.0,January,293195,35799.4,63093.0,7703.7,230102.0,28095.6,432646,52826.4,130040.0,15878.0,302606.0,36948.4,-139450,-17027.0,-66947.0,-8174.2,-72504.0,-8852.8
2022.0,December,314061,38084.6,68857.0,8350.0,245204.0,29734.6,504836,61218.8,159545.0,19347.2,345291.0,41871.6,-190774,-23134.2,-90688.0,-10997.2,-100087.0,-12137.0
2022.0,November,285413,34887.1,66154.0,8086.2,219259.0,26800.9,465922,56951.4,133505.0,16318.8,332417.0,40632.6,-180509,-22064.3,-67351.0,-8232.6,-113158.0,-13831.7
2022.0,October,260209,31601.8,51863.0,6298.6,208346.0,25303.1,476836,57910.5,134561.0,16342.1,342275.0,41568.4,-216626,-26308.7,-82698.0,-10043.4,-133928.0,-16265.3
2022.0,September,283946,35390.8,58296.0,7266.0,225650.0,28124.8,508445,63372.1,140884.0,17559.6,367561.0,45812.5,-224499,-27981.3,-82588.0,-10293.7,-141911.0,-17687.7
2022.0,August,294495,37017.7,67510.0,8486.0,226984.0,28531.7,492280,61879.1,137821.0,17324.0,354458.0,44555.1,-197785,-24861.4,-70311.0,-8838.0,-127474.0,-16023.4
2022.0,July,305159,38335.8,64972.0,8162.1,240188.0,30173.7,507630,63771.4,147711.0,18556.2,359920.0,45215.2,-202471,-25435.6,-82739.0,-10394.1,-119732.0,-15041.4
2022.0,June,330096,42279.5,82711.0,10593.9,247385.0,31685.7,502432,64352.8,147853.0,18937.4,354579.0,45415.4,-172336,-22073.2,-65142.0,-8343.5,-107194.0,-13729.7
2022.0,May,301573,39003.6,65530.0,8475.2,236043.0,30528.4,472625,61126.4,128470.0,16615.5,344155.0,44510.9,-171052,-22122.8,-62940.0,-8140.3,-108112.0,-13982.5
2022.0,April,302372,39698.2,59870.0,7860.3,242502.0,31837.9,442213,58057.7,134307.0,17633.1,307906.0,40424.6,-139840,-18359.5,-74437.0,-9772.8,-65403.0,-8586.7
2022.0,March,339850,44573.7,74769.0,9806.5,265081.0,34767.3,481031,63090.6,161219.0,21145.0,319812.0,41945.5,-141181,-18516.9,-86450.0,-11338.6,-54730.0,-7178.3
2022.0,February,278666,37154.0,51734.0,6897.6,226932.0,30256.4,419255,55898.4,118171.0,15755.5,301084.0,40142.9,-140589,-18744.4,-66437.0,-8857.9,-74152.0,-9886.5
2022.0,January,262280,35233.0,34092.0,4579.6,228189.0,30653.4,391315,52566.8,91971.0,12354.8,299345.0,40212.0,-129035,-17333.8,-57879.0,-7775.1,-71156.0,-9558.6
2021.0,December,295989,39270.2,50912.0,6754.8,245077.0,32515.4,454721,60329.8,124324.0,16494.6,330397.0,43835.2,-158731,-21059.6,-73411.0,-9739.8,-85320.0,-11319.8
2021.0,November,236862,31795.0,40936.0,5495.0,195926.0,26300.0,395018,53025.1,106120.0,14245.0,288898.0,38780.0,-158156,-21230.0,-65184.0,-8750.0,-92972.0,-12480.0
2021.0,October,267655,35727.7,40123.0,5355.8,227532.0,30372.0,401833,53638.2,91988.0,12278.9,309845.0,41359.4,-134177,-17910.5,-51865.0,-6923.1,-82313.0,-10987.4
2021.0,September,248752,33814.6,38220.0,5195.5,210532.0,28619.1,414062,56286.4,123434.0,16779.2,290629.0,39507.2,-165310,-22471.8,-85214.0,-11583.7,-80097.0,-10888.1
2021.0,August,247634,33380.7,34535.0,4655.3,213098.0,28725.4,334520,45092.9,70054.0,9443.2,264466.0,35649.7,-86886,-11712.1,-35518.0,-4787.8,-51368.0,-6924.3
2021.0,July,264666,35512.8,43524.0,5840.0,221142.0,29672.8,343920,46147.0,92429.0,12402.1,251491.0,33744.9,-79253,-10634.2,-48905.0,-6562.0,-30348.0,-4072.1
2021.0,June,239013,32493.0,29075.0,3952.7,209938.0,28540.3,309668,42098.3,78549.0,10678.4,231119.0,31419.8,-70655,-9605.3,-49473.0,-6725.7,-21181.0,-2879.5
2021.0,May,236647,32299.0,38929.0,5313.3,197718.0,26985.7,284532,38834.6,69377.0,9469.0,215156.0,29365.7,-47885,-6535.7,-30448.0,-4155.7,-17437.0,-2380.0
2021.0,April,229006,30750.6,27001.0,3625.7,202005.0,27124.9,342900,46044.1,80168.0,10764.8,262732.0,35279.2,-113894,-15293.5,-53167.0,-7139.2,-60727.0,-8154.3
2021.0,March,256643,35256.6,26274.0,3609.4,230369.0,31647.2,355949,48898.9,74768.0,10271.4,281180.0,38627.5,-99306,-13642.3,-48495.0,-6662.0,-50811.0,-6980.2
2021.0,February,201050,27633.3,17979.0,2471.2,183071.0,25162.1,296473,40748.7,65710.0,9031.4,230763.0,31717.2,-95423,-13115.4,-47730.0,-6560.3,-47693.0,-6555.1
2021.0,January,201331,27538.3,15616.0,2136.0,185715.0,25402.3,307279,42030.1,68900.0,9424.3,238379.0,32605.8,-105949,-14491.8,-53284.0,-7288.3,-52664.0,-7203.5
2020.0,December,200295,27216.3,17196.0,2336.6,183098.0,24879.7,315971,42934.5,70863.0,9629.0,245107.0,33305.5,-115676,-15718.3,-53667.0,-7292.4,-62009.0,-8425.9
2020.0,November,175307,23619.9,11559.0,1557.4,163748.0,22062.6,250954,33812.3,46868.0,6314.8,204086.0,27497.5,-75647,-10192.3,-35310.0,-4757.4,-40338.0,-5434.9
2020.0,October,183061,24920.4,11513.0,1567.3,171547.0,23353.1,250300,34073.8,44077.0,6000.3,206223.0,28073.6,-67239,-9153.4,-32564.0,-4433.0,-34676.0,-4720.5
2020.0,September,202509,27559.0,25917.0,3527.0,176591.0,24032.0,224254,30518.3,42813.0,5826.3,181441.0,24692.1,-21745,-2959.3,-16895.0,-2299.3,-4850.0,-660.0
2020.0,August,170471,22829.3,14200.0,1901.6,156271.0,20927.6,231737,31034.0,48178.0,6451.9,183559.0,24582.1,-61266,-8204.7,-33978.0,-4550.3,-27288.0,-3654.4
2020.0,July,178352,23782.4,13296.0,1772.9,165057.0,22009.5,218351,29116.1,49071.0,6543.4,169280.0,22572.7,-39999,-5333.7,-35776.0,-4770.5,-4223.0,-563.2
2020.0,June,166850,22033.2,14583.0,1925.7,152267.0,20107.5,161476,21323.6,37618.0,4967.5,123859.0,16356.0,5374,709.6,-23035.0,-3041.9,28409.0,3751.5
2020.0,May,145619,19246.5,13315.0,1759.8,132305.0,17486.8,172958,22859.9,27042.0,3574.2,145915.0,19285.7,-27338,-3613.3,-13728.0,-1814.4,-13611.0,-1798.9
2020.0,April,77557,10173.3,9450.0,1239.5,68108.0,8933.8,130256,17085.8,35445.0,4649.4,94811.0,12436.4,-52699,-6912.5,-25996.0,-3409.9,-26703.0,-3502.7
2020.0,March,159785,21490.7,18719.0,2517.7,141066.0,18973.0,233988,31470.9,74705.0,10047.6,159284.0,21423.3,-74204,-9980.2,-55986.0,-7530.0,-18218.0,-2450.3
2020.0,February,198329,27742.8,24606.0,3442.0,173723.0,24300.8,270973,37904.5,77068.0,10780.5,193905.0,27123.9,-72645,-10161.7,-52462.0,-7338.5,-20182.0,-2823.2
2020.0,January,184370,25853.3,22720.0,3185.9,161650.0,22667.4,293453,41149.5,92773.0,13009.2,200679.0,28140.3,-109083,-15296.2,-70053.0,-9823.2,-39030.0,-5473.0
2019.0,December,192904,27096.1,25854.0,3631.6,167130.0,23475.8,281881,39594.1,76311.0,10718.9,205570.0,28875.2,-88977,-12498.1,-50470.0,-7089.2,-38507.0,-5408.9
2019.0,November,183949,25744.5,27279.0,3817.8,156863.0,21953.8,275255,38523.2,79091.0,11069.1,196165.0,27454.1,-91306,-12778.8,-51824.0,-7253.0,-39483.0,-5525.8
2019.0,October,186211,26212.4,24466.0,3444.1,161892.0,22789.0,269853,37986.4,69111.0,9728.6,200742.0,28257.8,-83642,-11774.0,-44656.0,-6286.1,-38985.0,-5487.8
2019.0,September,185566,26013.7,24527.0,3438.3,161115.0,22586.2,268891,37694.8,64816.0,9086.3,204075.0,28608.6,-83326,-11681.1,-40327.0,-5653.3,-42998.0,-6027.8
2019.0,August,184893,25987.9,22821.0,3207.6,162101.0,22784.3,283530,39852.1,78256.0,10999.4,205275.0,28852.7,-98637,-13864.1,-55447.0,-7793.4,-43191.0,-6070.8
2019.0,July,180495,26231.6,23992.0,3486.8,156517.0,22746.9,278196,40430.6,67079.0,9748.6,211118.0,30682.0,-97701,-14199.0,-43087.0,-6261.9,-54614.0,-7937.1
2019.0,June,173787,25027.3,18313.0,2637.3,155478.0,22390.6,284925,41032.5,77806.0,11205.0,207119.0,29827.5,-111138,-16005.1,-59494.0,-8567.8,-51644.0,-7437.4
2019.0,May,208271,29849.7,34353.0,4923.6,173898.0,24923.3,325724,46683.4,87864.0,12592.8,237860.0,34090.5,-117454,-16833.6,-53511.0,-7669.3,-63943.0,-9164.4
2019.0,April,180773,26037.7,24689.0,3556.1,156082.0,22481.4,294284,42387.3,80288.0,11564.3,213996.0,30822.9,-113511,-16349.6,-55599.0,-8008.2,-57912.0,-8341.4
2019.0,March,227370,32725.2,25130.0,3616.9,202240.0,29108.2,303555,43690.4,81848.0,11780.2,221708.0,31910.2,-76185,-10965.3,-56717.0,-8163.3,-19468.0,-2802.0
2019.0,February,191317,26862.1,21960.0,3083.4,169356.0,23778.7,260609,36591.1,67048.0,9414.0,193560.0,27177.1,-69292,-9729.1,-45088.0,-6330.6,-24204.0,-3398.4
2019.0,January,186787,26407.4,22705.0,3210.0,164082.0,23197.4,293225,41455.2,79597.0,11253.1,213628.0,30202.1,-106438,-15047.8,-56892.0,-8043.2,-49546.0,-7004.7
2018.0,December,197045,27858.3,28777.0,4068.5,168268.0,23789.8,299553,42351.0,76276.0,10783.9,223278.0,31567.1,-102509,-14492.7,-47498.0,-6715.3,-55010.0,-7777.4
2018.0,November,187335,26071.6,33813.0,4705.8,153522.0,21365.7,313681,43655.2,97134.0,13518.3,216546.0,30136.9,-126346,-17583.6,-63321.0,-8812.5,-63025.0,-8771.2
2018.0,October,196406,26674.0,31254.0,4244.6,165152.0,22429.3,328974,44677.9,103865.0,14105.9,225109.0,30572.0,-132567,-18003.9,-72611.0,-9861.3,-59956.0,-8142.7
2018.0,September,201235,27866.0,30545.0,4229.7,170690.0,23636.3,309223,42819.6,79373.0,10991.2,229849.0,31828.4,-107988,-14953.6,-48829.0,-6761.5,-59159.0,-8192.1
2018.0,August,193397,27808.3,25836.0,3714.9,167561.0,24093.4,318044,45731.1,83032.0,11939.1,235012.0,33792.0,-124647,-17922.8,-57196.0,-8224.2,-67451.0,-9698.6
2018.0,July,176915,25754.2,26396.0,3842.6,150519.0,21911.7,304917,44388.1,84708.0,12331.3,220209.0,32056.8,-128002,-18633.8,-58312.0,-8488.7,-69690.0,-10145.1
2018.0,June,184113,27158.1,26185.0,3862.5,157928.0,23295.6,303758,44806.6,86535.0,12764.6,217222.0,32042.0,-119645,-17648.5,-60350.0,-8902.1,-59294.0,-8746.4
2018.0,May,195493,28945.0,34947.0,5174.4,160545.0,23770.6,296615,43917.3,78167.0,11573.6,218447.0,32343.7,-101122,-14972.3,-43220.0,-6399.2,-57902.0,-8573.1
2018.0,April,170323,25949.5,18380.0,2800.3,151943.0,23149.2,262328,39967.0,68682.0,10464.0,193647.0,29503.0,-92006,-14017.5,-50302.0,-7663.7,-41704.0,-6353.8
2018.0,March,189648,29167.0,21405.0,3292.0,168243.0,25875.1,278299,42801.2,72288.0,11117.7,206010.0,31683.5,-88651,-13634.1,-50884.0,-7825.7,-37767.0,-5808.5
2018.0,February,167570,26030.7,21350.0,3316.5,146220.0,22714.2,243792,37871.3,65635.0,10196.0,178157.0,27675.3,-76222,-11840.6,-44286.0,-6879.4,-31937.0,-4961.1
2018.0,January,161687,25407.7,25211.0,3961.6,136476.0,21446.1,259010,40701.2,74195.0,11659.0,184815.0,29042.2,-97323,-15293.5,-48984.0,-7697.4,-48339.0,-7596.1
2017.0,December,178803,27832.6,23884.0,3717.8,154919.0,24114.8,270015,42030.8,66459.0,10345.0,203557.0,31685.8,-91213,-14198.2,-42575.0,-6627.2,-48638.0,-7571.0
2017.0,November,170541,26292.7,23370.0,3603.0,147171.0,22689.6,268468,41390.2,61934.0,9548.5,206534.0,31841.7,-97927,-15097.5,-38564.0,-5945.5,-59363.0,-9152.1
2017.0,October,148963,22888.7,19807.0,3043.4,129156.0,19845.3,244064,37501.4,60586.0,9309.3,183478.0,28192.1,-95102,-14612.7,-40779.0,-6265.9,-54323.0,-8346.9
2017.0,September,184089,28567.1,22367.0,3471.0,161722.0,25096.1,244635,37962.7,52642.0,8169.1,191992.0,29793.6,-60546,-9395.6,-30275.0,-4698.1,-30271.0,-4697.4
2017.0,August,149399,23355.1,18538.0,2898.0,130861.0,20457.1,230738,36070.6,49912.0,7802.6,180826.0,28268.1,-81339,-12715.5,-31374.0,-4904.5,-49966.0,-7811.0
2017.0,July,143689,22292.6,17194.0,2667.5,126496.0,19625.1,220536,34215.0,49577.0,7691.6,170959.0,26523.4,-76847,-11922.4,-32383.0,-5024.1,-44464.0,-6898.3
2017.0,June,148300,23012.7,14040.0,2178.6,134261.0,20834.0,238794,37055.0,49474.0,7677.2,189320.0,29377.9,-90493,-14042.4,-35434.0,-5498.5,-55059.0,-8543.9
2017.0,May,154278,23947.0,15693.0,2435.9,138585.0,21511.1,246610,38278.7,49831.0,7734.8,196779.0,30543.9,-92332,-14331.7,-34138.0,-5298.9,-58194.0,-9032.8
2017.0,April,158552,24579.0,18316.0,2839.4,140236.0,21739.6,250511,38834.7,47711.0,7396.2,202800.0,31438.4,-91959,-14255.6,-29395.0,-4556.8,-62564.0,-9698.8
2017.0,March,193029,28892.8,24735.0,3754.8,168294.0,25546.8,263155,39946.7,64232.0,9750.3,198924.0,30196.4,-70127,-11053.9,-39497.0,-5995.5,-30630.0,-5058.3
2017.0,February,165856,24385.0,17034.0,2539.5,148822.0,22187.2,229723,34248.4,51781.0,7719.8,177942.0,26528.6,-63867,-9863.5,-34747.0,-5180.3,-29120.0,-4683.2
2017.0,January,152203,22356.3,18700.0,2746.8,133502.0,19609.5,219635,32261.1,55649.0,8174.0,163986.0,24087.2,-67432,-9904.8,-36948.0,-5427.2,-30484.0,-4477.6
2016.0,December,163344,24056.5,19606.0,2887.4,143739.0,21169.0,234952,34602.5,52059.0,7667.0,182893.0,26935.5,-71608,-10546.0,-32453.0,-4779.6,-39154.0,-5766.4
2016.0,November,135699,20066.3,16440.0,2431.0,119259.0,17635.2,226288,33461.9,46420.0,6864.3,179868.0,26597.6,-90589,-13395.6,-29980.0,-4433.2,-60609.0,-8962.4
2016.0,October,155927,23360.6,18529.0,2776.0,137398.0,20584.6,230247,34495.1,48467.0,7261.2,181780.0,27233.9,-74320,-11134.5,-29938.0,-4485.2,-44382.0,-6649.2
2016.0,September,151956,22769.1,17178.0,2574.0,134777.0,20195.1,212496,31840.5,46124.0,6911.3,166372.0,24929.2,-60541,-9071.4,-28946.0,-4337.3,-31595.0,-4734.2
2016.0,August,144570,21597.1,16656.0,2488.1,127914.0,19108.9,196154,29303.2,45448.0,6789.5,150706.0,22513.7,-51584,-7706.1,-28793.0,-4301.3,-22792.0,-3404.8
2016.0,July,145789,21692.3,17292.0,2572.9,128496.0,19119.3,196954,29305.2,45854.0,6822.7,151099.0,22482.5,-51165,-7613.0,-28562.0,-4249.8,-22603.0,-3363.2
2016.0,June,152465,22655.6,17504.0,2601.0,134961.0,20054.6,208062,30917.0,49069.0,7291.4,158993.0,23625.7,-55597,-8261.4,-31564.0,-4690.3,-24032.0,-3571.1
2016.0,May,149918,22407.0,14219.0,2125.1,135699.0,20281.9,189254,28286.2,40119.0,5996.3,149134.0,22289.9,-39336,-5879.2,-25901.0,-3871.2,-13435.0,-2008.0
2016.0,April,138678,20863.5,13616.0,2048.4,125063.0,18815.1,170755,25689.2,37994.0,5716.1,132760.0,19973.1,-32076,-4825.7,-24379.0,-3667.6,-7698.0,-1158.1
2016.0,March,153559,22911.7,14666.0,2188.2,138893.0,20723.5,183039,27310.3,32322.0,4822.6,150717.0,22487.7,-29480,-4398.5,-17656.0,-2634.4,-11824.0,-1764.2
2016.0,February,142246,20845.7,13193.0,1933.4,129054.0,18912.4,187101,27419.0,32755.0,4800.2,154345.0,22618.8,-44854,-6573.3,-19563.0,-2866.8,-25292.0,-3706.4
2016.0,January,142568,21199.0,14040.0,2087.6,128528.0,19111.4,194134,28866.5,33991.0,5054.3,160143.0,23812.2,-51566,-7667.5,-19951.0,-2966.6,-31614.0,-4700.9
2015.0,December,150462,22593.4,17030.0,2557.2,133432.0,20036.2,227067,34096.5,44423.0,6670.6,182644.0,27425.9,-76606,-11503.1,-27394.0,-4113.4,-49212.0,-7389.7
2015.0,November,129331,19560.9,15396.0,2328.7,113935.0,17232.3,197666,29896.4,42694.0,6457.4,154972.0,23439.0,-68335,-10335.5,-27298.0,-4128.7,-41037.0,-6206.8
2015.0,October,139589,21456.1,16474.0,2532.3,123115.0,18923.8,202645,31148.3,44684.0,6868.3,157961.0,24280.0,-63056,-9692.2,-28209.0,-4336.0,-34846.0,-5356.2
2015.0,September,144820,21870.3,17133.0,2587.3,127688.0,19283.0,212138,32036.4,44217.0,6677.6,167921.0,25358.9,-67318,-10166.1,-27085.0,-4090.2,-40233.0,-6075.9
2015.0,August,140443,21582.7,18437.0,2833.3,122007.0,18749.4,221127,33981.7,47944.0,7367.8,173183.0,26614.0,-80683,-12399.1,-29507.0,-4534.5,-51176.0,-7864.6
2015.0,July,148150,23281.2,20337.0,3195.9,127813.0,20085.3,231454,36372.1,60365.0,9486.1,171089.0,26885.9,-83304,-13090.9,-40028.0,-6290.2,-43276.0,-6800.6
2015.0,June,142561,22323.7,19111.0,2992.6,123450.0,19331.1,214165,33536.2,55515.0,8693.1,158650.0,24843.2,-71604,-11212.5,-36403.0,-5700.4,-35200.0,-5512.1
2015.0,May,143736,22529.1,16573.0,2597.6,127163.0,19931.4,209506,32837.8,54635.0,8563.4,154871.0,24274.4,-65770,-10308.7,-38061.0,-5965.6,-27709.0,-4343.0
2015.0,April,138918,22137.2,17248.0,2748.5,121670.0,19388.7,210264,33506.5,46960.0,7483.2,163304.0,26023.3,-71346,-11369.3,-29712.0,-4734.7,-41634.0,-6634.6
2015.0,March,150093,24034.2,16525.0,2646.1,133568.0,21388.1,221252,35428.7,46328.0,7418.5,174923.0,28010.2,-71159,-11394.5,-29804.0,-4772.4,-41355.0,-6622.1
2015.0,February,136533,22008.0,15854.0,2555.5,120679.0,19452.5,178205,28725.4,37882.0,6106.3,140323.0,22619.0,-41673,-6717.3,-22028.0,-3550.8,-19644.0,-3166.5
2015.0,January,151926,24415.2,18811.0,3023.0,133115.0,21392.2,200774,32265.4,51282.0,8241.2,149493.0,24024.2,-48849,-7850.2,-32471.0,-5218.2,-16378.0,-2632.0
2014.0,December,164242,26172.8,28380.0,4522.6,135862.0,21650.2,221727,35333.3,62524.0,9963.4,159203.0,25369.8,-57485,-9160.5,-34143.0,-5440.9,-23342.0,-3719.6
2014.0,November,163535,26503.0,28926.0,4687.8,134609.0,21815.2,263616,42722.5,72193.0,11699.8,191423.0,31022.7,-100081,-16219.4,-43267.0,-7012.0,-56814.0,-9207.4
2014.0,October,158966,25914.7,35149.0,5730.0,123817.0,20184.8,242109,39468.8,76783.0,12517.2,165326.0,26951.5,-83143,-13554.0,-41635.0,-6787.3,-41509.0,-6766.8
2014.0,September,175837,28889.7,37537.0,6167.3,138299.0,22722.4,263799,43341.7,88699.0,14573.2,175100.0,28768.6,-87963,-14452.1,-51162.0,-8405.9,-36800.0,-6046.2
2014.0,August,163353,26825.3,32452.0,5329.2,130901.0,21496.1,228191,37472.8,78036.0,12814.8,150155.0,24658.0,-64838,-10647.5,-45584.0,-7485.6,-19254.0,-3161.9
2014.0,July,155045,25815.7,32091.0,5343.3,122954.0,20472.4,240643,40068.0,87532.0,14574.4,153111.0,25493.6,-85597,-14252.3,-55441.0,-9231.1,-30157.0,-5021.2
2014.0,June,154862,25926.6,33496.0,5607.9,121365.0,20318.7,229082,38352.4,78758.0,13185.4,150324.0,25167.0,-74220,-12425.8,-45261.0,-7577.5,-28959.0,-4848.2
2014.0,May,166168,28019.2,35340.0,5959.1,130828.0,22060.1,231639,39058.9,84606.0,14266.2,147033.0,24792.6,-65470,-11039.6,-49265.0,-8307.1,-16205.0,-2732.5
2014.0,April,155886,25827.5,31521.0,5222.5,124365.0,20605.1,216050,35795.6,78252.0,12964.9,137798.0,22830.7,-60164,-9968.1,-46731.0,-7742.4,-13433.0,-2225.7
2014.0,March,185123,30341.0,35653.0,5843.4,149470.0,24497.6,251954,41294.5,95591.0,15667.1,156362.0,25627.3,-66831,-10953.4,-59938.0,-9823.7,-6892.0,-1129.7
2014.0,February,157769,25353.2,28844.0,4635.2,128925.0,20718.0,209495,33665.6,85296.0,13706.9,124200.0,19958.7,-51726,-8312.3,-56452.0,-9071.7,4725.0,759.4
2014.0,January,166932,26891.6,28883.0,4652.9,138049.0,22238.7,225623,36346.3,81864.0,13187.8,143759.0,23158.6,-58691,-9454.7,-52981.0,-8534.9,-5710.0,-919.9
2013.0,December,163400,26393.1,30188.0,4876.0,133213.0,21517.0,226468,36580.1,86201.0,13923.5,140268.0,22656.6,-63068,-10187.0,-56013.0,-9047.5,-7055.0,-1139.6
2013.0,November,151583,24201.8,30380.0,4850.5,121203.0,19351.3,211530,33772.9,81292.0,12979.0,130238.0,20793.9,-59947,-9571.1,-50912.0,-8128.5,-9035.0,-1442.5
2013.0,October,169320,27480.1,34732.0,5636.8,134589.0,21843.3,234601,38075.0,94232.0,15293.6,140369.0,22781.4,-65281,-10594.9,-59501.0,-9656.8,-5780.0,-938.1
2013.0,September,179372,28135.9,44298.0,6948.5,135074.0,21187.4,218403,34258.2,84235.0,13213.0,134168.0,21045.3,-39031,-6122.3,-39937.0,-6264.5,906.0,142.1
2013.0,August,166479,26338.0,37185.0,5883.0,129294.0,20455.0,234037,37026.0,95441.0,15099.4,138596.0,21926.7,-67558,-10688.0,-58256.0,-9216.4,-9302.0,-1471.6
2013.0,July,154430,25835.1,33788.0,5652.5,120642.0,20182.6,229098,38326.4,76104.0,12731.7,152994.0,25594.8,-74668,-12491.4,-42316.0,-7079.2,-32352.0,-5412.2
2013.0,June,140144,23998.4,25925.0,4439.5,114219.0,19558.9,206168,35304.4,70258.0,12031.1,135909.0,23273.2,-66024,-11305.9,-44333.0,-7591.6,-21691.0,-3714.3
2013.0,May,137103,24922.9,25513.0,4637.8,111590.0,20285.1,241977,43987.1,77643.0,14114.2,164333.0,29872.9,-104873,-19064.2,-52130.0,-9476.3,-52743.0,-9587.8
2013.0,April,133354,24524.5,27858.0,5123.3,105496.0,19401.3,226079,41577.1,69727.0,12823.2,156352.0,28754.0,-92725,-17052.6,-41869.0,-7699.9,-50856.0,-9352.7
2013.0,March,166159,30541.4,29798.0,5477.2,136361.0,25064.2,222775,40947.8,72947.0,13408.2,149828.0,27539.6,-56615,-10406.4,-43149.0,-7931.1,-13467.0,-2475.3
2013.0,February,143408,26668.8,29460.0,5478.6,113948.0,21190.2,219354,40792.0,76005.0,14134.2,143348.0,26657.7,-75946,-14123.2,-46545.0,-8655.7,-29401.0,-5467.5
2013.0,January,140003,25775.2,27975.0,5150.3,112028.0,20624.9,243093,44754.7,79662.0,14666.2,163431.0,30088.5,-103091,-18979.5,-51687.0,-9515.9,-51403.0,-9463.6
2012.0,December,139120,25457.5,31355.0,5737.7,107765.0,19719.9,235262,43050.6,75171.0,13755.6,160091.0,29295.0,-96142,-17593.0,-43816.0,-8017.9,-52326.0,-9575.1
2012.0,November,127359,23250.9,29488.0,5383.4,97871.0,17867.5,221590,40454.0,71795.0,13107.0,149795.0,27347.0,-94231,-17203.1,-42307.0,-7723.6,-51924.0,-9479.4
2012.0,October,127432,24032.9,32644.0,6156.5,94787.0,17876.4,234598,44243.8,79311.0,14957.7,155286.0,29286.1,-107166,-20210.9,-46667.0,-8801.1,-60499.0,-11409.7
2012.0,September,135979,24902.0,29855.0,5467.3,106124.0,19434.7,229624,42051.4,76609.0,14029.5,153015.0,28021.9,-93645,-17149.4,-46754.0,-8562.2,-46891.0,-8587.2
2012.0,August,128535,23134.5,25536.0,4596.1,102999.0,18538.4,207278,37307.3,71148.0,12805.7,136130.0,24501.6,-78744,-14172.8,-45613.0,-8209.6,-33131.0,-5963.2
2012.0,July,128192,23099.9,22999.0,4144.3,105193.0,18955.6,225417,40619.4,76677.0,13816.9,148740.0,26802.6,-97224,-17519.6,-53678.0,-9672.6,-43547.0,-7847.0
2012.0,June,139651,24924.3,23431.0,4181.8,116220.0,20742.4,202590,36157.4,62911.0,11228.0,139680.0,24929.4,-62939,-11233.1,-39480.0,-7046.2,-23460.0,-4187.0
2012.0,May,135211,24821.4,23937.0,4394.2,111274.0,20427.3,229809,42187.3,79411.0,14577.9,150398.0,27609.4,-94598,-17365.9,-55475.0,-10183.8,-39124.0,-7182.1
2012.0,April,123271,23791.9,24313.0,4692.5,98958.0,19099.4,197772,38171.0,70224.0,13553.5,127549.0,24617.5,-74502,-14379.2,-45911.0,-8861.0,-28591.0,-5518.1
2012.0,March,145123,28839.4,26656.0,5297.2,118467.0,23542.1,213265,42380.7,80375.0,15972.4,132890.0,26408.3,-68142,-13541.3,-53719.0,-10675.2,-14423.0,-2866.2
2012.0,February,123874,25194.4,19241.0,3913.5,104632.0,21280.9,197251,40118.5,64512.0,13121.0,132739.0,26997.5,-73378,-14924.1,-45271.0,-9207.5,-28107.0,-5716.6
2012.0,January,130294,25379.1,23114.0,4502.1,107180.0,20876.9,220515,42952.5,76348.0,14871.2,144167.0,28081.2,-90221,-17573.4,-53234.0,-10369.1,-36986.0,-7204.3
2011.0,December,133619,25365.7,23317.0,4426.3,110302.0,20939.3,210940,40044.1,61520.0,11678.7,149420.0,28365.3,-77321,-14678.4,-38203.0,-7252.4,-39118.0,-7426.0
2011.0,November,118341,23269.7,21963.0,4318.6,96378.0,18951.1,198861,39102.5,63248.0,12436.5,135613.0,26665.9,-80520,-15832.8,-41285.0,-8117.9,-39235.0,-7714.8
2011.0,October,116406,23632.0,21096.0,4282.8,95310.0,19349.2,202820,41175.1,55338.0,11234.3,147482.0,29940.7,-86413,-17543.0,-34242.0,-6951.5,-52172.0,-10591.5
2011.0,September,126520,26561.2,23192.0,4868.9,103328.0,21692.3,189372,39756.1,51347.0,10779.6,138025.0,28976.5,-62852,-13194.9,-28154.0,-5910.6,-34697.0,-7284.2
2011.0,August,112148,24768.4,19865.0,4387.3,92283.0,20381.1,181046,39984.7,56624.0,12505.7,124421.0,27479.0,-68898,-15216.3,-36759.0,-8118.5,-32138.0,-7097.9
2011.0,July,117380,26426.5,20723.0,4665.5,96657.0,21761.0,182582,41105.9,57490.0,12943.0,125092.0,28162.9,-65202,-14679.3,-36766.0,-8277.5,-28435.0,-6401.9
2011.0,June,119024,26536.1,22186.0,4946.2,96838.0,21589.9,183225,40849.5,59552.0,13277.0,123672.0,27572.5,-64200,-14313.3,-37366.0,-8330.8,-26834.0,-5982.6
2011.0,May,119095,26521.9,23840.0,5309.1,95255.0,21212.8,203212,45254.2,59023.0,13144.0,144189.0,32110.2,-84117,-18732.3,-35182.0,-7834.9,-48934.0,-10897.4
2011.0,April,104134,23469.5,22721.0,5120.9,81413.0,18348.7,162376,36595.9,57699.0,13004.0,104677.0,23591.8,-58242,-13126.3,-34978.0,-7883.2,-23264.0,-5243.2
2011.0,March,136857,30418.5,,,,,154172,34267.0,,,,,-17315,-3848.5,,,,
2011.0,February,105609,23243.5,,,,,149817,32973.4,,,,,-44209,-9729.9,,,,
2011.0,January,103006,22691.8,,,,,151403,33353.6,,,,,-48398,-10661.8,,,,
2010.0,December,105438,23349.4,,,,,142294,31511.1,,,,,-36856,-8161.7,,,,
2010.0,November,101629,22575.0,,,,,129843,28842.3,,,,,-28214,-6267.3,,,,
2010.0,October,84739,19080.8,,,,,144165,32461.7,,,,,-59426,-13380.9,,,,
2010.0,September,87444,18984.2,,,,,135936,29511.8,,,,,-48492,-10527.6,,,,
2010.0,August,82660,17750.4,,,,,126235,27107.7,,,,,-43575,-9357.2,,,,
2010.0,July,79410,16954.5,,,,,138966,29669.9,,,,,-59556,-12715.4,,,,
2010.0,June,96240,20667.1,,,,,133408,28648.6,,,,,-37168,-7981.6,,,,
2010.0,May,79171,17282.0,,,,,136276,29747.1,,,,,-57105,-12465.2,,,,
2010.0,April,80718,18139.1,,,,,140952,31674.9,,,,,-60234,-13535.8,,,,
2010.0,March,92149,20254.1,,,,,134792,29626.9,,,,,-42643,-9372.8,,,,
2010.0,February,73002,15757.7,,,,,121212,26163.8,,,,,-48209,-10406.1,,,,
2010.0,January,71500,15557.1,,,,,116127,25267.0,,,,,-44627,-9709.9,,,,
2009.0,December,76907,16493.5,,,,,131733,28251.4,,,,,-54826,-11758.0,,,,
2009.0,November,69538,14932.7,,,,,116402,24996.5,,,,,-46864,-10063.8,,,,
2009.0,October,69175,14806.0,,,,,121175,25935.8,,,,,-52000,-11129.8,,,,
2009.0,September,70838,14624.2,,,,,104275,21527.2,,,,,-33437,-6903.0,,,,
2009.0,August,65670,13586.3,,,,,108506,22448.7,,,,,-42836,-8862.3,,,,
2009.0,July,69524,14341.3,,,,,105312,21723.5,,,,,-35788,-7382.2,,,,
2009.0,June,64999,13606.3,,,,,110137,23055.0,,,,,-45138,-9448.7,,,,
2009.0,May,59776,12316.5,,,,,97243,20036.4,,,,,-37467,-7719.9,,,,
2009.0,April,62456,12475.7,,,,,96823,19340.7,,,,,-34368,-6865.0,,,,
2009.0,March,66169,12916.3,,,,,85022,16596.6,,,,,-18854,-3680.3,,,,
2009.0,February,58822,11940.9,,,,,74198,15062.2,,,,,-15376,-3121.3,,,,
2009.0,January,62844,12869.0,,,,,89015,18228.2,,,,,-26171,-5359.1,,,,
2008.0,December,65016,13368.2,,,,,94625,19456.3,,,,,-29609,-6088.1,,,,
2008.0,November,54699,11163.3,,,,,115091,23488.2,,,,,-60391,-12324.9,,,,
2008.0,October,68754,14130.8,,,,,125868,25869.3,,,,,-57114,-11738.4,,,,
2008.0,September,71941,15789.1,,,,,141865,31135.7,,,,,-69925,-15346.6,,,,
2008.0,August,76254,17759.3,,,,,143940,33523.2,,,,,-67686,-15763.9,,,,
2008.0,July,81523,19030.4,,,,,135477,31625.5,,,,,-53955,-12595.0,,,,
2008.0,June,82133,19180.9,,,,,123967,28950.6,,,,,-41834,-9769.7,,,,
2008.0,May,78717,18686.6,,,,,124031,29443.6,,,,,-45314,-10757.0,,,,
2008.0,April,73883,18460.4,,,,,121335,30316.9,,,,,-47453,-11856.5,,,,
2008.0,March,69631,17254.0,,,,,95134,23573.7,,,,,-25504,-6319.6,,,,
2008.0,February,60061,15116.2,,,,,82661,20804.4,,,,,-22601,-5688.2,,,,
2008.0,January,58624,14889.1,,,,,89947,22844.4,,,,,-31323,-7955.3,,,,
2007.0,December,57682,14625.5,,,,,79340,20116.9,,,,,-21658,-5491.4,,,,
2007.0,November,50910,12909.3,,,,,87171,22104.1,,,,,-36261,-9194.8,,,,
2007.0,October,57982,14674.7,,,,,86264,21832.6,,,,,-28282,-7157.8,,,,
2007.0,September,50512,12521.4,,,,,73489,18217.5,,,,,-22978,-5696.0,,,,
2007.0,August,51600,12640.6,,,,,83136,20365.9,,,,,-31536,-7725.3,,,,
2007.0,July,50571,12513.3,,,,,85389,21128.6,,,,,-34818,-8615.3,,,,
2007.0,June,49340,12101.0,,,,,81612,20016.0,,,,,-32272,-7915.0,,,,
2007.0,May,50796,12455.7,,,,,86251,21149.5,,,,,-35455,-8693.8,,,,
2007.0,April,47741,11326.8,,,,,77429,18370.6,,,,,-29688,-7043.8,,,,
2007.0,March,56628,12862.4,,,,,75445,17136.6,,,,,-18817,-4274.2,,,,
2007.0,February,46636,10561.2,,,,,63962,14484.7,,,,,-17326,-3923.5,,,,
2007.0,January,48619,10967.0,,,,,64047,14446.9,,,,,-15428,-3479.9,,,,
2006.0,December,48360,10834.5,,,,,69986,15679.6,,,,,-21626,-4845.1,,,,
2006.0,November,44758,9979.4,,,,,73471,16381.2,,,,,-28713,-6401.8,,,,
2006.0,October,45143,9928.6,,,,,79625,17512.4,,,,,-34482,-7583.8,,,,
2006.0,September,49609,10756.9,,,,,80020,17351.1,,,,,-30411,-6594.2,,,,
2006.0,August,50118,10769.5,,,,,71326,15326.7,,,,,-21208,-4557.2,,,,
2006.0,July,49244,10600.1,,,,,69616,14985.4,,,,,-20372,-4385.3,,,,
2006.0,June,47990,10420.0,,,,,66321,14400.1,,,,,-18331,-3980.1,,,,
2006.0,May,45905,10109.7,,,,,68592,15106.0,,,,,-22687,-4996.3,,,,
2006.0,April,38769,8625.0,,,,,58095,12924.5,,,,,-19326,-4299.5,,,,
2006.0,March,51426,11561.0,,,,,63672,14314.0,,,,,-12246,-2753.0,,,,
2006.0,February,40141,9055.0,,,,,51136,11535.0,,,,,-10994,-2480.0,,,,
2006.0,January,40703,9168.0,,,,,57245,12894.0,,,,,-16542,-3726.0,,,,
2005.0,December,42151,9235.0,,,,,56547,12390.0,,,,,-14396,-3154.0,,,,
2005.0,November,33348,7293.0,,,,,51789,11326.0,,,,,-18441,-4033.0,,,,
2005.0,October,38643,8622.0,,,,,53256,11883.0,,,,,-14612,-3260.0,,,,
2005.0,September,37138,8457.0,,,,,56632,12896.0,,,,,-19494,-4439.0,,,,
2005.0,August,37392,8571.0,,,,,55665,12760.0,,,,,-18273,-4189.0,,,,
2005.0,July,32619,7492.0,,,,,50107,11509.0,,,,,-17488,-4017.0,,,,
2005.0,June,34402,7893.0,,,,,51440,11803.0,,,,,-17039,-3909.0,,,,
2005.0,May,34689,7977.0,,,,,57545,13232.0,,,,,-22856,-5255.0,,,,
2005.0,April,33595,7680.0,,,,,49586,11336.0,,,,,-15991,-3656.0,,,,
2005.0,March,44367,10155.0,,,,,54043,12369.0,,,,,-9676,-2215.0,,,,
2005.0,February,35147,8046.0,,,,,45238,10357.0,,,,,-10092,-2310.0,,,,
2005.0,January,35854,8194.0,,,,,48169,11009.0,,,,,-12315,-2815.0,,,,
2004.0,December,32354,7357.0,,,,,45989,10457.0,,,,,-13636,-3101.0,,,,
2004.0,November,31974,7086.0,,,,,42228,9358.0,,,,,-10254,-2272.0,,,,
2004.0,October,29846,6519.0,,,,,41155,8989.0,,,,,-11308,-2470.0,,,,
2004.0,September,31894,6919.0,,,,,43422,9420.0,,,,,-11528,-2501.0,,,,
2004.0,August,27726,5983.0,,,,,37684,8132.0,,,,,-9958,-2149.0,,,,
2004.0,July,26792,5819.0,,,,,36244,7872.0,,,,,-9453,-2053.0,,,,
2004.0,June,27614,6068.0,,,,,39669,8717.0,,,,,-12055,-2649.0,,,,
2004.0,May,26983,5963.0,,,,,36530,8073.0,,,,,-9547,-2110.0,,,,
2004.0,April,24791,5643.0,,,,,30695,6987.0,,,,,-5905,-1344.0,,,,
2004.0,March,35396,7863.0,,,,,36167,8034.0,,,,,-771,-171.0,,,,
2004.0,February,28188,6227.0,,,,,30982,6844.0,,,,,-2794,-617.0,,,,
2004.0,January,23711,5216.0,,,,,31354,6898.0,,,,,-7643,-1682.0,,,,
2003.0,December,27902,6120.0,,,,,33961,7450.0,,,,,-6059,-1329.0,,,,
2003.0,November,22315,4902.0,,,,,29441,6467.0,,,,,-7126,-1565.0,,,,
2003.0,October,25456,5609.0,,,,,31855,7019.0,,,,,-6400,-1410.0,,,,
2003.0,September,25129,5481.0,,,,,28908,6305.0,,,,,-3779,-824.0,,,,
2003.0,August,20744,4516.0,,,,,26572,5785.0,,,,,-5828,-1269.0,,,,
2003.0,July,21435,4637.0,,,,,26739,5784.0,,,,,-5304,-1147.0,,,,
2003.0,June,20543,4398.0,,,,,26750,5727.0,,,,,-6207,-1329.0,,,,
2003.0,May,22111,4696.0,,,,,29072,6175.0,,,,,-6961,-1479.0,,,,
2003.0,April,20438,4314.0,,,,,27309,5764.0,,,,,-6870,-1450.0,,,,
2003.0,March,24541,5151.0,,,,,28062,5891.0,,,,,-3521,-739.0,,,,
2003.0,February,20459,4286.0,,,,,22106,4631.0,,,,,-1646,-345.0,,,,
2003.0,January,23246,4850.0,,,,,26703,5571.0,,,,,-3457,-721.0,,,,
2002.0,December,19184,3985.0,,,,,23935,4972.0,,,,,-4752,-987.0,,,,
2002.0,November,19537,4049.0,,,,,24473,5072.0,,,,,-4935,-1023.0,,,,
2002.0,October,22987,4752.0,,,,,27055,5593.0,,,,,-4067,-841.0,,,,
2002.0,September,21723,4484.0,,,,,24635,5086.0,,,,,-2913,-601.0,,,,
2002.0,August,21970,4522.0,,,,,23619,4861.0,,,,,-1649,-339.0,,,,
2002.0,July,22350,4583.0,,,,,23765,4874.0,,,,,-1416,-290.0,,,,
2002.0,June,19407,3963.0,,,,,20814,4251.0,,,,,-1407,-287.0,,,,
2002.0,May,19992,4080.0,,,,,25385,5181.0,,,,,-5393,-1101.0,,,,
2002.0,April,19740,4035.0,,,,,20581,4207.0,,,,,-841,-172.0,,,,
2002.0,March,20182,4141.0,,,,,21605,4433.0,,,,,-1423,-292.0,,,,
2002.0,February,17212,3535.0,,,,,18300,3759.0,,,,,-1089,-224.0,,,,
2002.0,January,20555,4253.0,,,,,20505,4243.0,,,,,49,10.0,,,,
2001.0,December,15574,3250.0,,,,,19544,4079.0,,,,,-3969,-828.0,,,,
2001.0,November,17165,3576.0,,,,,19956,4158.0,,,,,-2791,-582.0,,,,
2001.0,October,17853,3718.0,,,,,19653,4093.0,,,,,-1800,-375.0,,,,
2001.0,September,17637,3702.0,,,,,18591,3902.0,,,,,-953,-200.0,,,,
2001.0,August,17186,3647.0,,,,,20605,4372.0,,,,,-3419,-726.0,,,,
2001.0,July,16181,3433.0,,,,,23204,4923.0,,,,,-7023,-1490.0,,,,
2001.0,June,16979,3612.0,,,,,18883,4017.0,,,,,-1970,-405.0,,,,
2001.0,May,17029,3629.0,,,,,21932,4674.0,,,,,-4903,-1045.0,,,,
2001.0,April,14573,3115.0,,,,,19153,4094.0,,,,,-4580,-979.0,,,,
2001.0,March,20089,4309.0,,,,,21563,4625.0,,,,,-1474,-316.0,,,,
2001.0,February,17186,3695.0,,,,,16081,3457.0,,,,,1106,238.0,,,,
2001.0,January,17064,3666.0,,,,,18648,4007.0,,,,,-1584,-340.0,,,,
2000.0,December,17098,3657.0,,,,,18587,3976.0,,,,,-1489,-319.0,,,,
2000.0,November,16857,3604.0,,,,,21975,4698.0,,,,,-5118,-1094.0,,,,
2000.0,October,17235,3719.0,,,,,19761,4264.0,,,,,-2526,-545.0,,,,
2000.0,September,17658,3848.0,,,,,19499,4249.0,,,,,-1841,-401.0,,,,
2000.0,August,16762,3670.0,,,,,18240,3993.0,,,,,-1478,-324.0,,,,
2000.0,July,15791,3526.0,,,,,20092,4487.0,,,,,-4301,-961.0,,,,
2000.0,June,15440,3455.0,,,,,17999,4028.0,,,,,-2559,-573.0,,,,
2000.0,May,15732,3577.0,,,,,19223,4371.0,,,,,-3491,-794.0,,,,
2000.0,April,14444,3310.0,,,,,19206,4401.0,,,,,-4762,-1091.0,,,,
2000.0,March,16823,3860.0,,,,,21233,4871.0,,,,,-4409,-1012.0,,,,
2000.0,February,14846,3404.0,,,,,18947,4344.0,,,,,-4101,-940.0,,,,
2000.0,January,11966,2748.0,,,,,16894,3879.0,,,,,-4928,-1132.0,,,,
1999.0,December,13341,3068.0,,,,,20070,4615.0,,,,,-6729,-1548.0,,,,
1999.0,November,12743,2937.0,,,,,17865,4117.0,,,,,-5122,-1180.0,,,,
1999.0,October,13635,3138.0,,,,,18020,4147.0,,,,,-4385,-1009.0,,,,
1999.0,September,13799,3170.0,,,,,20151,4629.0,,,,,-6352,-1459.0,,,,
1999.0,August,13772,3169.0,,,,,18145,4175.0,,,,,-4373,-1006.0,,,,
1999.0,July,13602,3143.0,,,,,18209,4207.0,,,,,-4607,-1064.0,,,,
1999.0,June,11923,2764.0,,,,,15842,3673.0,,,,,-3919,-909.0,,,,
1999.0,May,11428,2672.0,,,,,15641,3657.0,,,,,-4213,-985.0,,,,
1999.0,April,11683,2735.0,,,,,14220,3328.0,,,,,-2537,-594.0,,,,
1999.0,March,13914,3278.0,,,,,15676,3693.0,,,,,-1763,-415.0,,,,
1999.0,February,12118,2854.0,,,,,13937,3282.0,,,,,-1819,-428.0,,,,
1999.0,January,11658,2743.0,,,,,14642,3445.0,,,,,-2985,-702.0,,,,
1998.0,December,11857,2786.0,,,,,15034,3533.0,,,,,-3177,-747.0,,,,
1998.0,November,11760,2775.0,,,,,14767,3484.0,,,,,-3007,-710.0,,,,
1998.0,October,11045,2609.0,,,,,14584,3445.0,,,,,-3539,-836.0,,,,
1998.0,September,11367,2673.0,,,,,15699,3692.0,,,,,-4332,-1019.0,,,,
1998.0,August,12764,2985.0,,,,,14578,3410.0,,,,,-1814,-424.0,,,,
1998.0,July,11822,2781.0,,,,,16673,3922.0,,,,,-4851,-1141.0,,,,
1998.0,June,10498,2485.0,,,,,13356,3162.0,,,,,-2858,-677.0,,,,
1998.0,May,10189,2518.0,,,,,15168,3748.0,,,,,-4979,-1230.0,,,,
1998.0,April,10763,2714.0,,,,,14218,3585.0,,,,,-3455,-871.0,,,,
1998.0,March,12801,3241.0,,,,,14677,3716.0,,,,,-1875,-475.0,,,,
1998.0,February,11448,2944.0,,,,,14400,3703.0,,,,,-2951,-759.0,,,,
1998.0,January,11616,2949.0,,,,,14078,3575.0,,,,,-2462,-625.0,,,,
1997.0,December,11423,2913.0,,,,,14575,3717.0,,,,,-3153,-804.0,,,,
1997.0,November,9680,2600.0,,,,,12285,3299.0,,,,,-2605,-700.0,,,,
1997.0,October,10920,3014.0,,,,,12989,3586.0,,,,,-2069,-571.0,,,,
1997.0,September,10955,3007.0,,,,,11566,3175.0,,,,,-611,-168.0,,,,
1997.0,August,10125,2819.0,,,,,10991,3060.0,,,,,-866,-241.0,,,,
1997.0,July,10677,2988.0,,,,,12699,3553.0,,,,,-2022,-566.0,,,,
1997.0,June,10116,2825.0,,,,,11984,3347.0,,,,,-1868,-522.0,,,,
1997.0,May,10905,3045.0,,,,,12547,3503.0,,,,,-1642,-459.0,,,,
1997.0,April,9437,2635.0,,,,,11388,3180.0,,,,,-1952,-545.0,,,,
1997.0,March,12433,3466.0,,,,,12785,3564.0,,,,,-352,-98.0,,,,
1997.0,February,9853,2745.0,,,,,12813,3570.0,,,,,-2960,-825.0,,,,
1997.0,January,10549,2941.0,,,,,13923,3882.0,,,,,-3374,-941.0,,,,
1996.0,December,10049,2804.0,,,,,11689,3262.0,,,,,-1640,-458.0,,,,
1996.0,November,9007,2520.0,,,,,12235,3424.0,,,,,-3228,-903.0,,,,
1996.0,October,9499,2665.0,,,,,11506,3228.0,,,,,-2007,-563.0,,,,
1996.0,September,9460,2648.0,,,,,10573,2959.0,,,,,-1114,-312.0,,,,
1996.0,August,9631,2698.0,,,,,10789,3023.0,,,,,-1158,-324.0,,,,
1996.0,July,9548,2689.0,,,,,10429,2937.0,,,,,-881,-248.0,,,,
1996.0,June,9220,2636.0,,,,,10031,2868.0,,,,,-811,-232.0,,,,
1996.0,May,9613,2746.0,,,,,11721,3348.0,,,,,-2108,-602.0,,,,
1996.0,April,9956,2908.0,,,,,10426,3045.0,,,,,-470,-137.0,,,,
1996.0,March,11910,3463.0,,,,,11969,3480.0,,,,,-59,-17.0,,,,
1996.0,February,9773,2668.0,,,,,10850,2962.0,,,,,-1077,-294.0,,,,
1996.0,January,9526,2665.0,,,,,12187,3410.0,,,,,-2662,-745.0,,,,
1995.0,December,10275,2939.0,,,,,10979,3141.0,,,,,-704,-201.0,,,,
1995.0,November,9275,2670.0,,,,,11389,3278.0,,,,,-2114,-609.0,,,,
1995.0,October,8675,2512.0,,,,,9707,2811.0,,,,,-1032,-299.0,,,,
1995.0,September,7957,2396.0,,,,,10052,3027.0,,,,,-2095,-631.0,,,,
1995.0,August,8135,2576.0,,,,,9586,3035.0,,,,,-1451,-460.0,,,,
1995.0,July,7890,2514.0,,,,,9682,3086.0,,,,,-1792,-571.0,,,,
1995.0,June,7594,2418.0,,,,,9052,2883.0,,,,,-1458,-464.0,,,,
1995.0,May,7511,2391.0,,,,,9475,3016.0,,,,,-1965,-625.0,,,,
1995.0,April,7833,2494.0,,,,,7750,2467.0,,,,,83,27.0,,,,
1995.0,March,9559,3020.0,,,,,9535,3012.0,,,,,24,8.0,,,,
1995.0,February,7388,2355.0,,,,,8099,2581.0,,,,,-711,-226.0,,,,
1995.0,January,7363,2347.0,,,,,7442,2372.0,,,,,-80,-25.0,,,,
1994.0,December,7384,2352.0,,,,,8415,2681.0,,,,,-1032,-329.0,,,,
1994.0,November,6517,2076.0,,,,,7547,2404.0,,,,,-1030,-328.0,,,,
1994.0,October,7113,2267.0,,,,,8227,2622.0,,,,,-1114,-355.0,,,,
1994.0,September,6645,2118.0,,,,,7653,2440.0,,,,,-1008,-321.0,,,,
1994.0,August,6810,2171.0,,,,,7287,2323.0,,,,,-477,-152.0,,,,
1994.0,July,5970,1903.0,,,,,6900,2199.0,,,,,-930,-296.0,,,,
1994.0,June,5798,1848.0,,,,,6409,2043.0,,,,,-611,-195.0,,,,
1994.0,May,5760,1836.0,,,,,6104,1946.0,,,,,-344,-110.0,,,,
1994.0,April,6368,2030.0,,,,,6352,2025.0,,,,,15,5.0,,,,
1994.0,March,7179,2288.0,,,,,7553,2407.0,,,,,-374,-119.0,,,,
1994.0,February,6415,2045.0,,,,,5879,1874.0,,,,,536,171.0,,,,
1994.0,January,6545,2087.0,,,,,5891,1878.0,,,,,654,209.0,,,,
1993.0,December,6027,1921.0,,,,,7075,2255.0,,,,,-1048,-334.0,,,,
1993.0,November,5276,1682.0,,,,,5790,1846.0,,,,,-515,-164.0,,,,
1993.0,October,5633,1796.0,,,,,5803,1850.0,,,,,-171,-54.0,,,,
1993.0,September,5205,1659.0,,,,,5975,1905.0,,,,,-770,-245.0,,,,
1993.0,August,5458,1740.0,,,,,5800,1849.0,,,,,-341,-109.0,,,,
1993.0,July,5767,1839.0,,,,,6190,1973.0,,,,,-422,-135.0,,,,
1993.0,June,5331,1697.0,,,,,6213,1978.0,,,,,-882,-281.0,,,,
1993.0,May,5299,1691.0,,,,,5466,1745.0,,,,,-168,-54.0,,,,
1993.0,April,5616,1794.0,,,,,5467,1746.0,,,,,149,48.0,,,,
1993.0,March,6224,1974.0,,,,,5493,1743.0,,,,,730,232.0,,,,
1993.0,February,5310,1766.0,,,,,5516,1834.0,,,,,-206,-68.0,,,,
1993.0,January,4544,1566.0,,,,,4659,1606.0,,,,,-115,-40.0,,,,
1992.0,December,4274,1480.0,,,,,5542,1919.0,,,,,-1268,-439.0,,,,
1992.0,November,4310,1517.0,,,,,5294,1864.0,,,,,-983,-346.0,,,,
1992.0,October,4449,1567.0,,,,,4773,1682.0,,,,,-324,-114.0,,,,
1992.0,September,4323,1523.0,,,,,5406,1904.0,,,,,-1083,-381.0,,,,
1992.0,August,4519,1591.0,,,,,4933,1736.0,,,,,-414,-146.0,,,,
1992.0,July,4052,1421.0,,,,,5647,1981.0,,,,,-1595,-559.0,,,,
1992.0,June,3887,1364.0,,,,,5717,2006.0,,,,,-1830,-642.0,,,,
1992.0,May,3789,1327.0,,,,,5224,1829.0,,,,,-1435,-502.0,,,,
1992.0,April,4009,1387.0,,,,,5173,1789.0,,,,,-1164,-403.0,,,,
1992.0,March,4822,1720.0,,,,,4690,1673.0,,,,,132,47.0,,,,
1992.0,February,3938,1520.0,,,,,4379,1691.0,,,,,-441,-170.0,,,,
1992.0,January,4500,1732.0,,,,,4338,1669.0,,,,,162,62.0,,,,
1991.0,December,4117,1591.0,,,,,4799,1855.0,,,,,-683,-264.0,,,,
1991.0,November,3670,1420.0,,,,,3996,1546.0,,,,,-325,-126.0,,,,
1991.0,October,3668,1421.0,,,,,4338,1681.0,,,,,-670,-260.0,,,,
1991.0,September,3931,1518.0,,,,,4083,1577.0,,,,,-152,-59.0,,,,
1991.0,August,3645,1422.0,,,,,3927,1532.0,,,,,-281,-110.0,,,,
1991.0,July,3376,1326.0,,,,,3391,1332.0,,,,,-15,-6.0,,,,
1991.0,June,2666,1269.0,,,,,3615,1721.0,,,,,-950,-452.0,,,,
1991.0,May,2732,1330.0,,,,,3224,1570.0,,,,,-492,-240.0,,,,
1991.0,April,2977,1501.0,,,,,3072,1548.0,,,,,-94,-48.0,,,,
1991.0,March,3439,1791.0,,,,,3714,1934.0,,,,,-275,-143.0,,,,
1991.0,February,2866,1519.0,,,,,3657,1938.0,,,,,-791,-419.0,,,,
1991.0,January,3036,1660.0,,,,,4123,2254.0,,,,,-1086,-594.0,,,,
1990.0,December,2920,1613.0,,,,,4143,2289.0,,,,,-1223,-676.0,,,,
1990.0,November,2632,1456.0,,,,,4472,2474.0,,,,,-1840,-1018.0,,,,
1990.0,October,2559,1414.0,,,,,3738,2066.0,,,,,-1180,-652.0,,,,
1990.0,September,2582,1447.0,,,,,3825,2144.0,,,,,-1243,-697.0,,,,
1990.0,August,2583,1484.0,,,,,3223,1852.0,,,,,-640,-368.0,,,,
1990.0,July,2556,1471.0,,,,,3058,1760.0,,,,,-502,-289.0,,,,
1990.0,June,2303,1322.0,,,,,2878,1652.0,,,,,-575,-330.0,,,,
1990.0,May,2597,1496.0,,,,,3129,1802.0,,,,,-532,-306.0,,,,
1990.0,April,2480,1435.0,,,,,3234,1872.0,,,,,-754,-436.0,,,,
